date,skill,installs
2026-10-02,acad-arx-wizard,128
2026-10-02,acad-cuix-builder,72
2026-10-02,acad-dotnet,144
2026-10-02,aps-docs-portal,111
2026-10-02,aps-mcp-server-gen,108
2026-10-02,flow-ptr-app,18
2026-10-03,acad-arx-wizard,128
2026-10-03,acad-cuix-builder,73
2026-10-03,acad-dotnet,144
2026-10-03,aps-docs-portal,112
2026-10-03,aps-mcp-server-gen,109
2026-10-03,flow-ptr-app,18
2026-10-04,acad-arx-wizard,128
2026-10-04,acad-cuix-builder,73
2026-10-04,acad-dotnet,144
2026-10-04,aps-docs-portal,112
2026-10-04,aps-mcp-server-gen,109
2026-10-04,flow-ptr-app,18
2026-10-05,acad-arx-wizard,128
2026-10-05,acad-cuix-builder,74
2026-10-05,acad-dotnet,145
2026-10-05,aps-docs-portal,113
2026-10-05,aps-mcp-server-gen,110
2026-10-05,flow-ptr-app,18
2026-10-06,acad-arx-wizard,130
2026-10-06,acad-cuix-builder,75
2026-10-06,acad-dotnet,147
2026-10-06,aps-docs-portal,116
2026-10-06,aps-mcp-server-gen,112
2026-10-06,flow-ptr-app,19
