date,path,title,views,unique_views
2026-10-02,/autodesk-platform-services/skills,Overview,388,251
2026-10-02,/autodesk-platform-services/skills/tree/main/skills,/tree/main/skills,73,47
2026-10-02,/autodesk-platform-services/skills/blob/main/skills/aps-docs-portal/SKILL.md,/blob/main/skills/aps-docs-portal/SKILL.md,29,23
2026-10-02,/autodesk-platform-services/skills/blob/main/skills/aps-mcp-server-gen/SKILL.md,/blob/main/skills/aps-mcp-server-gen/SKILL.md,23,14
2026-10-02,/autodesk-platform-services/skills/tree/main/skills/aps-mcp-server-gen,/tree/main/skills/aps-mcp-server-gen,22,19
2026-10-02,/autodesk-platform-services/skills/tree/main/skills/aps-docs-portal,/tree/main/skills/aps-docs-portal,17,15
2026-10-02,/autodesk-platform-services/skills/tree/main/skills/acad-dotnet,/tree/main/skills/acad-dotnet,15,10
2026-10-02,/autodesk-platform-services/skills/blob/main/skills/flow-ptr-app/SKILL.md,/blob/main/skills/flow-ptr-app/SKILL.md,12,4
2026-10-02,/autodesk-platform-services/skills/tree/main/skills/acad-arx-wizard,/tree/main/skills/acad-arx-wizard,10,10
2026-10-02,/autodesk-platform-services/skills/blob/main/skills/acad-cuix-builder/SKILL.md,/blob/main/skills/acad-cuix-builder/SKILL.md,10,5
2026-10-03,/autodesk-platform-services/skills,Overview,388,251
2026-10-03,/autodesk-platform-services/skills/tree/main/skills,/tree/main/skills,73,47
2026-10-03,/autodesk-platform-services/skills/blob/main/skills/aps-docs-portal/SKILL.md,/blob/main/skills/aps-docs-portal/SKILL.md,29,23
2026-10-03,/autodesk-platform-services/skills/blob/main/skills/aps-mcp-server-gen/SKILL.md,/blob/main/skills/aps-mcp-server-gen/SKILL.md,23,14
2026-10-03,/autodesk-platform-services/skills/tree/main/skills/aps-mcp-server-gen,/tree/main/skills/aps-mcp-server-gen,22,19
2026-10-03,/autodesk-platform-services/skills/tree/main/skills/aps-docs-portal,/tree/main/skills/aps-docs-portal,17,15
2026-10-03,/autodesk-platform-services/skills/tree/main/skills/acad-dotnet,/tree/main/skills/acad-dotnet,15,10
2026-10-03,/autodesk-platform-services/skills/blob/main/skills/flow-ptr-app/SKILL.md,/blob/main/skills/flow-ptr-app/SKILL.md,12,4
2026-10-03,/autodesk-platform-services/skills/tree/main/skills/acad-arx-wizard,/tree/main/skills/acad-arx-wizard,10,10
2026-10-03,/autodesk-platform-services/skills/blob/main/skills/acad-cuix-builder/SKILL.md,/blob/main/skills/acad-cuix-builder/SKILL.md,10,5
2026-10-04,/autodesk-platform-services/skills,Overview,392,239
2026-10-04,/autodesk-platform-services/skills/tree/main/skills,/tree/main/skills,75,46
2026-10-04,/autodesk-platform-services/skills/blob/main/skills/aps-docs-portal/SKILL.md,/blob/main/skills/aps-docs-portal/SKILL.md,34,23
2026-10-04,/autodesk-platform-services/skills/tree/main/skills/aps-mcp-server-gen,/tree/main/skills/aps-mcp-server-gen,23,19
2026-10-04,/autodesk-platform-services/skills/blob/main/skills/aps-mcp-server-gen/SKILL.md,/blob/main/skills/aps-mcp-server-gen/SKILL.md,23,14
2026-10-04,/autodesk-platform-services/skills/tree/main/skills/aps-docs-portal,/tree/main/skills/aps-docs-portal,20,15
2026-10-04,/autodesk-platform-services/skills/tree/main/skills/acad-dotnet,/tree/main/skills/acad-dotnet,16,11
2026-10-04,/autodesk-platform-services/skills/tree/main/skills/acad-arx-wizard,/tree/main/skills/acad-arx-wizard,14,14
2026-10-04,/autodesk-platform-services/skills/tree/main/skills/flow-ptr-app,/tree/main/skills/flow-ptr-app,12,6
2026-10-04,/autodesk-platform-services/skills/blob/main/skills/flow-ptr-app/SKILL.md,/blob/main/skills/flow-ptr-app/SKILL.md,12,5
2026-10-05,/autodesk-platform-services/skills,Overview,385,243
2026-10-05,/autodesk-platform-services/skills/tree/main/skills,/tree/main/skills,73,44
2026-10-05,/autodesk-platform-services/skills/blob/main/skills/aps-docs-portal/SKILL.md,/blob/main/skills/aps-docs-portal/SKILL.md,33,23
2026-10-05,/autodesk-platform-services/skills/tree/main/skills/aps-mcp-server-gen,/tree/main/skills/aps-mcp-server-gen,22,18
2026-10-05,/autodesk-platform-services/skills/blob/main/skills/aps-mcp-server-gen/SKILL.md,/blob/main/skills/aps-mcp-server-gen/SKILL.md,22,13
2026-10-05,/autodesk-platform-services/skills/tree/main/skills/aps-docs-portal,/tree/main/skills/aps-docs-portal,19,14
2026-10-05,/autodesk-platform-services/skills/tree/main/skills/acad-dotnet,/tree/main/skills/acad-dotnet,17,12
2026-10-05,/autodesk-platform-services/skills/tree/main/skills/acad-arx-wizard,/tree/main/skills/acad-arx-wizard,14,14
2026-10-05,/autodesk-platform-services/skills/blob/main/skills/flow-ptr-app/SKILL.md,/blob/main/skills/flow-ptr-app/SKILL.md,13,5
2026-10-05,/autodesk-platform-services/skills/tree/main/skills/flow-ptr-app,/tree/main/skills/flow-ptr-app,12,6
